,idx_test,idx_train,text_test,text_train,score
0,13,14,"Czarnoziemne, zapewne należne do dworu,","Do tych pagórków leśnych, do tych łąk zielonych,",0.4821089912784929
1,7,21,"I stodołę miał wielką, i przy niej trzy stogi","Zieloną, na niej z rzadka ciche grusze siedzą.",0.38409586926621725
2,4,8,"Tym bielsze, że odbite od ciemnej zieleni","(Gdy od płaczącej matki, pod Twoją opiekę",0.37796447300922725
3,10,4,"I widać z liczby kopic, co wzdłuż i wszerz smugów","    Panno święta, co Jasnej bronisz Częstochowy",0.3670060706619729
4,3,1,"Świeciły się z daleka pobielane ściany,","Ile cię trzeba cenić, ten tylko się dowie,",0.3585565671559754
5,16,12,"Brama na wciąż otwarta przechodniom ogłasza,",Tak nas powrócisz cudem na Ojczyzny łono.,0.3445354966980509
6,1,12,"Na pagórku niewielkim, we brzozowym gaju,",Tak nas powrócisz cudem na Ojczyzny łono.,0.3445354966980509
7,10,5,"I widać z liczby kopic, co wzdłuż i wszerz smugów","I w Ostrej świecisz Bramie! Ty, co gród zamkowy",0.3445354966980509
8,14,12,Uprawne dobrze na kształt ogrodowych grządek:,Tak nas powrócisz cudem na Ojczyzny łono.,0.3445354966980509
9,1,21,"Na pagórku niewielkim, we brzozowym gaju,","Zieloną, na niej z rzadka ciche grusze siedzą.",0.3388542153725904
10,14,21,Uprawne dobrze na kształt ogrodowych grządek:,"Zieloną, na niej z rzadka ciche grusze siedzą.",0.3388542153725904
11,16,21,"Brama na wciąż otwarta przechodniom ogłasza,","Zieloną, na niej z rzadka ciche grusze siedzą.",0.3388542153725904
12,11,7,"Świecą gęsto jak gwiazdy, widać z liczby pługów",Jak mnie dziecko do zdrowia powróciłaś cudem,0.3272840165719979
13,13,16,"Czarnoziemne, zapewne należne do dworu,","Do tych pól malowanych zbożem rozmaitem,",0.31824655044622774
14,0,15,"    Śród takich pól przed laty, nad brzegiem ruczaju,",Szeroko nad błękitnym Niemnem rozciągnionych;,0.316227766016838
15,11,0,"Świecą gęsto jak gwiazdy, widać z liczby pługów",    Litwo! Ojczyzno moja! ty jesteś jak zdrowie:,0.31529362944824746
16,11,18,"Świecą gęsto jak gwiazdy, widać z liczby pługów","Gdzie bursztynowy świerzop, gryka jak śnieg biała,",0.31529362944824746
17,0,16,"    Śród takich pól przed laty, nad brzegiem ruczaju,","Do tych pól malowanych zbożem rozmaitem,",0.3066622598335775
18,13,7,"Czarnoziemne, zapewne należne do dworu,",Jak mnie dziecko do zdrowia powróciłaś cudem,0.3007194444771397
19,13,10,"Czarnoziemne, zapewne należne do dworu,","I zaraz mogłem pieszo, do Twych świątyń progu",0.2869787107320743
20,5,8,"Topoli, co go bronią od wiatrów jesieni.","(Gdy od płaczącej matki, pod Twoją opiekę",0.2834318028017485
21,5,4,"Topoli, co go bronią od wiatrów jesieni.","    Panno święta, co Jasnej bronisz Częstochowy",0.2427974399524477
22,5,5,"Topoli, co go bronią od wiatrów jesieni.","I w Ostrej świecisz Bramie! Ty, co gród zamkowy",0.22793175170140131
23,8,8,"Użątku, co pod strzechą zmieścić się nie może.","(Gdy od płaczącej matki, pod Twoją opiekę",0.22675740752045231
24,8,1,"Użątku, co pod strzechą zmieścić się nie może.","Ile cię trzeba cenić, ten tylko się dowie,",0.2151137565136632
25,8,4,"Użątku, co pod strzechą zmieścić się nie może.","    Panno święta, co Jasnej bronisz Częstochowy",0.19424820183192257
26,8,5,"Użątku, co pod strzechą zmieścić się nie może.","I w Ostrej świecisz Bramie! Ty, co gród zamkowy",0.1823550236652778
27,15,14,Że w tym domu dostatek mieszka i porządek.,"Do tych pagórków leśnych, do tych łąk zielonych,",0.0
28,14,14,Uprawne dobrze na kształt ogrodowych grządek:,"Do tych pagórków leśnych, do tych łąk zielonych,",0.0
29,16,14,"Brama na wciąż otwarta przechodniom ogłasza,","Do tych pagórków leśnych, do tych łąk zielonych,",0.0
30,12,14,"Orzących wcześnie łany ogromne ugoru,","Do tych pagórków leśnych, do tych łąk zielonych,",0.0
31,11,14,"Świecą gęsto jak gwiazdy, widać z liczby pługów","Do tych pagórków leśnych, do tych łąk zielonych,",0.0
32,10,14,"I widać z liczby kopic, co wzdłuż i wszerz smugów","Do tych pagórków leśnych, do tych łąk zielonych,",0.0
33,17,14,"Że gościnna, i wszystkich w gościnę zaprasza.","Do tych pagórków leśnych, do tych łąk zielonych,",0.0
34,9,14,"Widać, że okolica obfita we zboże,","Do tych pagórków leśnych, do tych łąk zielonych,",0.0
35,8,14,"Użątku, co pod strzechą zmieścić się nie może.","Do tych pagórków leśnych, do tych łąk zielonych,",0.0
36,7,14,"I stodołę miał wielką, i przy niej trzy stogi","Do tych pagórków leśnych, do tych łąk zielonych,",0.0
37,1,15,"Na pagórku niewielkim, we brzozowym gaju,",Szeroko nad błękitnym Niemnem rozciągnionych;,0.0
38,0,0,"    Śród takich pól przed laty, nad brzegiem ruczaju,",    Litwo! Ojczyzno moja! ty jesteś jak zdrowie:,0.0
39,2,15,"Stał dwór szlachecki, z drzewa, lecz podmurowany;",Szeroko nad błękitnym Niemnem rozciągnionych;,0.0
40,3,15,"Świeciły się z daleka pobielane ściany,",Szeroko nad błękitnym Niemnem rozciągnionych;,0.0
41,5,16,"Topoli, co go bronią od wiatrów jesieni.","Do tych pól malowanych zbożem rozmaitem,",0.0
42,4,16,"Tym bielsze, że odbite od ciemnej zieleni","Do tych pól malowanych zbożem rozmaitem,",0.0
43,3,16,"Świeciły się z daleka pobielane ściany,","Do tych pól malowanych zbożem rozmaitem,",0.0
44,2,16,"Stał dwór szlachecki, z drzewa, lecz podmurowany;","Do tych pól malowanych zbożem rozmaitem,",0.0
45,1,16,"Na pagórku niewielkim, we brzozowym gaju,","Do tych pól malowanych zbożem rozmaitem,",0.0
46,17,15,"Że gościnna, i wszystkich w gościnę zaprasza.",Szeroko nad błękitnym Niemnem rozciągnionych;,0.0
47,16,15,"Brama na wciąż otwarta przechodniom ogłasza,",Szeroko nad błękitnym Niemnem rozciągnionych;,0.0
48,15,15,Że w tym domu dostatek mieszka i porządek.,Szeroko nad błękitnym Niemnem rozciągnionych;,0.0
49,14,15,Uprawne dobrze na kształt ogrodowych grządek:,Szeroko nad błękitnym Niemnem rozciągnionych;,0.0
50,13,15,"Czarnoziemne, zapewne należne do dworu,",Szeroko nad błękitnym Niemnem rozciągnionych;,0.0
51,12,15,"Orzących wcześnie łany ogromne ugoru,",Szeroko nad błękitnym Niemnem rozciągnionych;,0.0
52,11,15,"Świecą gęsto jak gwiazdy, widać z liczby pługów",Szeroko nad błękitnym Niemnem rozciągnionych;,0.0
53,10,15,"I widać z liczby kopic, co wzdłuż i wszerz smugów",Szeroko nad błękitnym Niemnem rozciągnionych;,0.0
54,9,15,"Widać, że okolica obfita we zboże,",Szeroko nad błękitnym Niemnem rozciągnionych;,0.0
55,6,14,"Dom mieszkalny niewielki, lecz zewsząd chędogi,","Do tych pagórków leśnych, do tych łąk zielonych,",0.0
56,7,15,"I stodołę miał wielką, i przy niej trzy stogi",Szeroko nad błękitnym Niemnem rozciągnionych;,0.0
57,6,15,"Dom mieszkalny niewielki, lecz zewsząd chędogi,",Szeroko nad błękitnym Niemnem rozciągnionych;,0.0
58,5,15,"Topoli, co go bronią od wiatrów jesieni.",Szeroko nad błękitnym Niemnem rozciągnionych;,0.0
59,4,15,"Tym bielsze, że odbite od ciemnej zieleni",Szeroko nad błękitnym Niemnem rozciągnionych;,0.0
60,8,15,"Użątku, co pod strzechą zmieścić się nie może.",Szeroko nad błękitnym Niemnem rozciągnionych;,0.0
61,1,14,"Na pagórku niewielkim, we brzozowym gaju,","Do tych pagórków leśnych, do tych łąk zielonych,",0.0
62,5,14,"Topoli, co go bronią od wiatrów jesieni.","Do tych pagórków leśnych, do tych łąk zielonych,",0.0
63,4,14,"Tym bielsze, że odbite od ciemnej zieleni","Do tych pagórków leśnych, do tych łąk zielonych,",0.0
64,13,12,"Czarnoziemne, zapewne należne do dworu,",Tak nas powrócisz cudem na Ojczyzny łono.,0.0
65,12,12,"Orzących wcześnie łany ogromne ugoru,",Tak nas powrócisz cudem na Ojczyzny łono.,0.0
66,11,12,"Świecą gęsto jak gwiazdy, widać z liczby pługów",Tak nas powrócisz cudem na Ojczyzny łono.,0.0
67,10,12,"I widać z liczby kopic, co wzdłuż i wszerz smugów",Tak nas powrócisz cudem na Ojczyzny łono.,0.0
68,9,12,"Widać, że okolica obfita we zboże,",Tak nas powrócisz cudem na Ojczyzny łono.,0.0
69,8,12,"Użątku, co pod strzechą zmieścić się nie może.",Tak nas powrócisz cudem na Ojczyzny łono.,0.0
70,7,12,"I stodołę miał wielką, i przy niej trzy stogi",Tak nas powrócisz cudem na Ojczyzny łono.,0.0
71,6,12,"Dom mieszkalny niewielki, lecz zewsząd chędogi,",Tak nas powrócisz cudem na Ojczyzny łono.,0.0
72,5,12,"Topoli, co go bronią od wiatrów jesieni.",Tak nas powrócisz cudem na Ojczyzny łono.,0.0
73,4,12,"Tym bielsze, że odbite od ciemnej zieleni",Tak nas powrócisz cudem na Ojczyzny łono.,0.0
74,3,12,"Świeciły się z daleka pobielane ściany,",Tak nas powrócisz cudem na Ojczyzny łono.,0.0
75,2,12,"Stał dwór szlachecki, z drzewa, lecz podmurowany;",Tak nas powrócisz cudem na Ojczyzny łono.,0.0
76,0,12,"    Śród takich pól przed laty, nad brzegiem ruczaju,",Tak nas powrócisz cudem na Ojczyzny łono.,0.0
77,17,11,"Że gościnna, i wszystkich w gościnę zaprasza.","Iść za wrócone życie podziękować Bogu),",0.0
78,16,11,"Brama na wciąż otwarta przechodniom ogłasza,","Iść za wrócone życie podziękować Bogu),",0.0
79,15,11,Że w tym domu dostatek mieszka i porządek.,"Iść za wrócone życie podziękować Bogu),",0.0
80,14,11,Uprawne dobrze na kształt ogrodowych grządek:,"Iść za wrócone życie podziękować Bogu),",0.0
81,13,11,"Czarnoziemne, zapewne należne do dworu,","Iść za wrócone życie podziękować Bogu),",0.0
82,12,11,"Orzących wcześnie łany ogromne ugoru,","Iść za wrócone życie podziękować Bogu),",0.0
83,11,11,"Świecą gęsto jak gwiazdy, widać z liczby pługów","Iść za wrócone życie podziękować Bogu),",0.0
84,10,11,"I widać z liczby kopic, co wzdłuż i wszerz smugów","Iść za wrócone życie podziękować Bogu),",0.0
85,15,12,Że w tym domu dostatek mieszka i porządek.,Tak nas powrócisz cudem na Ojczyzny łono.,0.0
86,17,12,"Że gościnna, i wszystkich w gościnę zaprasza.",Tak nas powrócisz cudem na Ojczyzny łono.,0.0
87,0,13,"    Śród takich pól przed laty, nad brzegiem ruczaju,",Tymczasem przenoś moją duszę utęsknioną,0.0
88,12,13,"Orzących wcześnie łany ogromne ugoru,",Tymczasem przenoś moją duszę utęsknioną,0.0
89,3,14,"Świeciły się z daleka pobielane ściany,","Do tych pagórków leśnych, do tych łąk zielonych,",0.0
90,2,14,"Stał dwór szlachecki, z drzewa, lecz podmurowany;","Do tych pagórków leśnych, do tych łąk zielonych,",0.0
91,7,16,"I stodołę miał wielką, i przy niej trzy stogi","Do tych pól malowanych zbożem rozmaitem,",0.0
92,0,14,"    Śród takich pól przed laty, nad brzegiem ruczaju,","Do tych pagórków leśnych, do tych łąk zielonych,",0.0
93,17,13,"Że gościnna, i wszystkich w gościnę zaprasza.",Tymczasem przenoś moją duszę utęsknioną,0.0
94,16,13,"Brama na wciąż otwarta przechodniom ogłasza,",Tymczasem przenoś moją duszę utęsknioną,0.0
95,15,13,Że w tym domu dostatek mieszka i porządek.,Tymczasem przenoś moją duszę utęsknioną,0.0
96,14,13,Uprawne dobrze na kształt ogrodowych grządek:,Tymczasem przenoś moją duszę utęsknioną,0.0
97,13,13,"Czarnoziemne, zapewne należne do dworu,",Tymczasem przenoś moją duszę utęsknioną,0.0
98,11,13,"Świecą gęsto jak gwiazdy, widać z liczby pługów",Tymczasem przenoś moją duszę utęsknioną,0.0
99,1,13,"Na pagórku niewielkim, we brzozowym gaju,",Tymczasem przenoś moją duszę utęsknioną,0.0
100,10,13,"I widać z liczby kopic, co wzdłuż i wszerz smugów",Tymczasem przenoś moją duszę utęsknioną,0.0
101,9,13,"Widać, że okolica obfita we zboże,",Tymczasem przenoś moją duszę utęsknioną,0.0
102,8,13,"Użątku, co pod strzechą zmieścić się nie może.",Tymczasem przenoś moją duszę utęsknioną,0.0
103,7,13,"I stodołę miał wielką, i przy niej trzy stogi",Tymczasem przenoś moją duszę utęsknioną,0.0
104,6,13,"Dom mieszkalny niewielki, lecz zewsząd chędogi,",Tymczasem przenoś moją duszę utęsknioną,0.0
105,5,13,"Topoli, co go bronią od wiatrów jesieni.",Tymczasem przenoś moją duszę utęsknioną,0.0
106,4,13,"Tym bielsze, że odbite od ciemnej zieleni",Tymczasem przenoś moją duszę utęsknioną,0.0
107,3,13,"Świeciły się z daleka pobielane ściany,",Tymczasem przenoś moją duszę utęsknioną,0.0
108,2,13,"Stał dwór szlachecki, z drzewa, lecz podmurowany;",Tymczasem przenoś moją duszę utęsknioną,0.0
109,6,16,"Dom mieszkalny niewielki, lecz zewsząd chędogi,","Do tych pól malowanych zbożem rozmaitem,",0.0
110,15,16,Że w tym domu dostatek mieszka i porządek.,"Do tych pól malowanych zbożem rozmaitem,",0.0
111,8,16,"Użątku, co pod strzechą zmieścić się nie może.","Do tych pól malowanych zbożem rozmaitem,",0.0
112,15,19,Że w tym domu dostatek mieszka i porządek.,"Gdzie panieńskim rumieńcem dzięcielina pała,",0.0
113,6,20,"Dom mieszkalny niewielki, lecz zewsząd chędogi,","A wszystko przepasane jakby wstęgą, miedzą",0.0
114,5,20,"Topoli, co go bronią od wiatrów jesieni.","A wszystko przepasane jakby wstęgą, miedzą",0.0
115,4,20,"Tym bielsze, że odbite od ciemnej zieleni","A wszystko przepasane jakby wstęgą, miedzą",0.0
116,3,20,"Świeciły się z daleka pobielane ściany,","A wszystko przepasane jakby wstęgą, miedzą",0.0
117,2,20,"Stał dwór szlachecki, z drzewa, lecz podmurowany;","A wszystko przepasane jakby wstęgą, miedzą",0.0
118,1,20,"Na pagórku niewielkim, we brzozowym gaju,","A wszystko przepasane jakby wstęgą, miedzą",0.0
119,0,20,"    Śród takich pól przed laty, nad brzegiem ruczaju,","A wszystko przepasane jakby wstęgą, miedzą",0.0
120,17,19,"Że gościnna, i wszystkich w gościnę zaprasza.","Gdzie panieńskim rumieńcem dzięcielina pała,",0.0
121,16,19,"Brama na wciąż otwarta przechodniom ogłasza,","Gdzie panieńskim rumieńcem dzięcielina pała,",0.0
122,14,19,Uprawne dobrze na kształt ogrodowych grządek:,"Gdzie panieńskim rumieńcem dzięcielina pała,",0.0
123,8,20,"Użątku, co pod strzechą zmieścić się nie może.","A wszystko przepasane jakby wstęgą, miedzą",0.0
124,13,19,"Czarnoziemne, zapewne należne do dworu,","Gdzie panieńskim rumieńcem dzięcielina pała,",0.0
125,12,19,"Orzących wcześnie łany ogromne ugoru,","Gdzie panieńskim rumieńcem dzięcielina pała,",0.0
126,11,19,"Świecą gęsto jak gwiazdy, widać z liczby pługów","Gdzie panieńskim rumieńcem dzięcielina pała,",0.0
127,10,19,"I widać z liczby kopic, co wzdłuż i wszerz smugów","Gdzie panieńskim rumieńcem dzięcielina pała,",0.0
128,9,19,"Widać, że okolica obfita we zboże,","Gdzie panieńskim rumieńcem dzięcielina pała,",0.0
129,8,19,"Użątku, co pod strzechą zmieścić się nie może.","Gdzie panieńskim rumieńcem dzięcielina pała,",0.0
130,7,19,"I stodołę miał wielką, i przy niej trzy stogi","Gdzie panieńskim rumieńcem dzięcielina pała,",0.0
131,6,19,"Dom mieszkalny niewielki, lecz zewsząd chędogi,","Gdzie panieńskim rumieńcem dzięcielina pała,",0.0
132,5,19,"Topoli, co go bronią od wiatrów jesieni.","Gdzie panieńskim rumieńcem dzięcielina pała,",0.0
133,7,20,"I stodołę miał wielką, i przy niej trzy stogi","A wszystko przepasane jakby wstęgą, miedzą",0.0
134,9,20,"Widać, że okolica obfita we zboże,","A wszystko przepasane jakby wstęgą, miedzą",0.0
135,9,16,"Widać, że okolica obfita we zboże,","Do tych pól malowanych zbożem rozmaitem,",0.0
136,4,21,"Tym bielsze, że odbite od ciemnej zieleni","Zieloną, na niej z rzadka ciche grusze siedzą.",0.0
137,15,21,Że w tym domu dostatek mieszka i porządek.,"Zieloną, na niej z rzadka ciche grusze siedzą.",0.0
138,13,21,"Czarnoziemne, zapewne należne do dworu,","Zieloną, na niej z rzadka ciche grusze siedzą.",0.0
139,12,21,"Orzących wcześnie łany ogromne ugoru,","Zieloną, na niej z rzadka ciche grusze siedzą.",0.0
140,11,21,"Świecą gęsto jak gwiazdy, widać z liczby pługów","Zieloną, na niej z rzadka ciche grusze siedzą.",0.0
141,10,21,"I widać z liczby kopic, co wzdłuż i wszerz smugów","Zieloną, na niej z rzadka ciche grusze siedzą.",0.0
142,9,21,"Widać, że okolica obfita we zboże,","Zieloną, na niej z rzadka ciche grusze siedzą.",0.0
143,8,21,"Użątku, co pod strzechą zmieścić się nie może.","Zieloną, na niej z rzadka ciche grusze siedzą.",0.0
144,6,21,"Dom mieszkalny niewielki, lecz zewsząd chędogi,","Zieloną, na niej z rzadka ciche grusze siedzą.",0.0
145,5,21,"Topoli, co go bronią od wiatrów jesieni.","Zieloną, na niej z rzadka ciche grusze siedzą.",0.0
146,3,21,"Świeciły się z daleka pobielane ściany,","Zieloną, na niej z rzadka ciche grusze siedzą.",0.0
147,10,20,"I widać z liczby kopic, co wzdłuż i wszerz smugów","A wszystko przepasane jakby wstęgą, miedzą",0.0
148,2,21,"Stał dwór szlachecki, z drzewa, lecz podmurowany;","Zieloną, na niej z rzadka ciche grusze siedzą.",0.0
149,0,21,"    Śród takich pól przed laty, nad brzegiem ruczaju,","Zieloną, na niej z rzadka ciche grusze siedzą.",0.0
150,17,20,"Że gościnna, i wszystkich w gościnę zaprasza.","A wszystko przepasane jakby wstęgą, miedzą",0.0
151,16,20,"Brama na wciąż otwarta przechodniom ogłasza,","A wszystko przepasane jakby wstęgą, miedzą",0.0
152,15,20,Że w tym domu dostatek mieszka i porządek.,"A wszystko przepasane jakby wstęgą, miedzą",0.0
153,14,20,Uprawne dobrze na kształt ogrodowych grządek:,"A wszystko przepasane jakby wstęgą, miedzą",0.0
154,13,20,"Czarnoziemne, zapewne należne do dworu,","A wszystko przepasane jakby wstęgą, miedzą",0.0
155,12,20,"Orzących wcześnie łany ogromne ugoru,","A wszystko przepasane jakby wstęgą, miedzą",0.0
156,11,20,"Świecą gęsto jak gwiazdy, widać z liczby pługów","A wszystko przepasane jakby wstęgą, miedzą",0.0
157,4,19,"Tym bielsze, że odbite od ciemnej zieleni","Gdzie panieńskim rumieńcem dzięcielina pała,",0.0
158,3,19,"Świeciły się z daleka pobielane ściany,","Gdzie panieńskim rumieńcem dzięcielina pała,",0.0
159,2,19,"Stał dwór szlachecki, z drzewa, lecz podmurowany;","Gdzie panieńskim rumieńcem dzięcielina pała,",0.0
160,3,17,"Świeciły się z daleka pobielane ściany,","Wyzłacanych pszenicą, posrebrzanych żytem;",0.0
161,12,17,"Orzących wcześnie łany ogromne ugoru,","Wyzłacanych pszenicą, posrebrzanych żytem;",0.0
162,11,17,"Świecą gęsto jak gwiazdy, widać z liczby pługów","Wyzłacanych pszenicą, posrebrzanych żytem;",0.0
163,10,17,"I widać z liczby kopic, co wzdłuż i wszerz smugów","Wyzłacanych pszenicą, posrebrzanych żytem;",0.0
164,9,17,"Widać, że okolica obfita we zboże,","Wyzłacanych pszenicą, posrebrzanych żytem;",0.0
165,8,17,"Użątku, co pod strzechą zmieścić się nie może.","Wyzłacanych pszenicą, posrebrzanych żytem;",0.0
166,7,17,"I stodołę miał wielką, i przy niej trzy stogi","Wyzłacanych pszenicą, posrebrzanych żytem;",0.0
167,6,17,"Dom mieszkalny niewielki, lecz zewsząd chędogi,","Wyzłacanych pszenicą, posrebrzanych żytem;",0.0
168,5,17,"Topoli, co go bronią od wiatrów jesieni.","Wyzłacanych pszenicą, posrebrzanych żytem;",0.0
169,4,17,"Tym bielsze, że odbite od ciemnej zieleni","Wyzłacanych pszenicą, posrebrzanych żytem;",0.0
170,2,17,"Stał dwór szlachecki, z drzewa, lecz podmurowany;","Wyzłacanych pszenicą, posrebrzanych żytem;",0.0
171,1,19,"Na pagórku niewielkim, we brzozowym gaju,","Gdzie panieńskim rumieńcem dzięcielina pała,",0.0
172,1,17,"Na pagórku niewielkim, we brzozowym gaju,","Wyzłacanych pszenicą, posrebrzanych żytem;",0.0
173,0,17,"    Śród takich pól przed laty, nad brzegiem ruczaju,","Wyzłacanych pszenicą, posrebrzanych żytem;",0.0
174,17,16,"Że gościnna, i wszystkich w gościnę zaprasza.","Do tych pól malowanych zbożem rozmaitem,",0.0
175,16,16,"Brama na wciąż otwarta przechodniom ogłasza,","Do tych pól malowanych zbożem rozmaitem,",0.0
176,8,11,"Użątku, co pod strzechą zmieścić się nie może.","Iść za wrócone życie podziękować Bogu),",0.0
177,14,16,Uprawne dobrze na kształt ogrodowych grządek:,"Do tych pól malowanych zbożem rozmaitem,",0.0
178,12,16,"Orzących wcześnie łany ogromne ugoru,","Do tych pól malowanych zbożem rozmaitem,",0.0
179,11,16,"Świecą gęsto jak gwiazdy, widać z liczby pługów","Do tych pól malowanych zbożem rozmaitem,",0.0
180,10,16,"I widać z liczby kopic, co wzdłuż i wszerz smugów","Do tych pól malowanych zbożem rozmaitem,",0.0
181,13,17,"Czarnoziemne, zapewne należne do dworu,","Wyzłacanych pszenicą, posrebrzanych żytem;",0.0
182,14,17,Uprawne dobrze na kształt ogrodowych grządek:,"Wyzłacanych pszenicą, posrebrzanych żytem;",0.0
183,15,17,Że w tym domu dostatek mieszka i porządek.,"Wyzłacanych pszenicą, posrebrzanych żytem;",0.0
184,16,17,"Brama na wciąż otwarta przechodniom ogłasza,","Wyzłacanych pszenicą, posrebrzanych żytem;",0.0
185,0,19,"    Śród takich pól przed laty, nad brzegiem ruczaju,","Gdzie panieńskim rumieńcem dzięcielina pała,",0.0
186,17,18,"Że gościnna, i wszystkich w gościnę zaprasza.","Gdzie bursztynowy świerzop, gryka jak śnieg biała,",0.0
187,16,18,"Brama na wciąż otwarta przechodniom ogłasza,","Gdzie bursztynowy świerzop, gryka jak śnieg biała,",0.0
188,15,18,Że w tym domu dostatek mieszka i porządek.,"Gdzie bursztynowy świerzop, gryka jak śnieg biała,",0.0
189,14,18,Uprawne dobrze na kształt ogrodowych grządek:,"Gdzie bursztynowy świerzop, gryka jak śnieg biała,",0.0
190,13,18,"Czarnoziemne, zapewne należne do dworu,","Gdzie bursztynowy świerzop, gryka jak śnieg biała,",0.0
191,12,18,"Orzących wcześnie łany ogromne ugoru,","Gdzie bursztynowy świerzop, gryka jak śnieg biała,",0.0
192,10,18,"I widać z liczby kopic, co wzdłuż i wszerz smugów","Gdzie bursztynowy świerzop, gryka jak śnieg biała,",0.0
193,9,18,"Widać, że okolica obfita we zboże,","Gdzie bursztynowy świerzop, gryka jak śnieg biała,",0.0
194,8,18,"Użątku, co pod strzechą zmieścić się nie może.","Gdzie bursztynowy świerzop, gryka jak śnieg biała,",0.0
195,7,18,"I stodołę miał wielką, i przy niej trzy stogi","Gdzie bursztynowy świerzop, gryka jak śnieg biała,",0.0
196,6,18,"Dom mieszkalny niewielki, lecz zewsząd chędogi,","Gdzie bursztynowy świerzop, gryka jak śnieg biała,",0.0
197,5,18,"Topoli, co go bronią od wiatrów jesieni.","Gdzie bursztynowy świerzop, gryka jak śnieg biała,",0.0
198,4,18,"Tym bielsze, że odbite od ciemnej zieleni","Gdzie bursztynowy świerzop, gryka jak śnieg biała,",0.0
199,3,18,"Świeciły się z daleka pobielane ściany,","Gdzie bursztynowy świerzop, gryka jak śnieg biała,",0.0
200,2,18,"Stał dwór szlachecki, z drzewa, lecz podmurowany;","Gdzie bursztynowy świerzop, gryka jak śnieg biała,",0.0
201,1,18,"Na pagórku niewielkim, we brzozowym gaju,","Gdzie bursztynowy świerzop, gryka jak śnieg biała,",0.0
202,0,18,"    Śród takich pól przed laty, nad brzegiem ruczaju,","Gdzie bursztynowy świerzop, gryka jak śnieg biała,",0.0
203,17,17,"Że gościnna, i wszystkich w gościnę zaprasza.","Wyzłacanych pszenicą, posrebrzanych żytem;",0.0
204,9,11,"Widać, że okolica obfita we zboże,","Iść za wrócone życie podziękować Bogu),",0.0
205,0,11,"    Śród takich pól przed laty, nad brzegiem ruczaju,","Iść za wrócone życie podziękować Bogu),",0.0
206,7,11,"I stodołę miał wielką, i przy niej trzy stogi","Iść za wrócone życie podziękować Bogu),",0.0
207,9,3,"Widać, że okolica obfita we zboże,","Widzę i opisuję, bo tęsknię po tobie.",0.0
208,0,4,"    Śród takich pól przed laty, nad brzegiem ruczaju,","    Panno święta, co Jasnej bronisz Częstochowy",0.0
209,17,3,"Że gościnna, i wszystkich w gościnę zaprasza.","Widzę i opisuję, bo tęsknię po tobie.",0.0
210,16,3,"Brama na wciąż otwarta przechodniom ogłasza,","Widzę i opisuję, bo tęsknię po tobie.",0.0
211,15,3,Że w tym domu dostatek mieszka i porządek.,"Widzę i opisuję, bo tęsknię po tobie.",0.0
212,14,3,Uprawne dobrze na kształt ogrodowych grządek:,"Widzę i opisuję, bo tęsknię po tobie.",0.0
213,13,3,"Czarnoziemne, zapewne należne do dworu,","Widzę i opisuję, bo tęsknię po tobie.",0.0
214,12,3,"Orzących wcześnie łany ogromne ugoru,","Widzę i opisuję, bo tęsknię po tobie.",0.0
215,11,3,"Świecą gęsto jak gwiazdy, widać z liczby pługów","Widzę i opisuję, bo tęsknię po tobie.",0.0
216,10,3,"I widać z liczby kopic, co wzdłuż i wszerz smugów","Widzę i opisuję, bo tęsknię po tobie.",0.0
217,8,3,"Użątku, co pod strzechą zmieścić się nie może.","Widzę i opisuję, bo tęsknię po tobie.",0.0
218,2,4,"Stał dwór szlachecki, z drzewa, lecz podmurowany;","    Panno święta, co Jasnej bronisz Częstochowy",0.0
219,7,3,"I stodołę miał wielką, i przy niej trzy stogi","Widzę i opisuję, bo tęsknię po tobie.",0.0
220,6,3,"Dom mieszkalny niewielki, lecz zewsząd chędogi,","Widzę i opisuję, bo tęsknię po tobie.",0.0
221,5,3,"Topoli, co go bronią od wiatrów jesieni.","Widzę i opisuję, bo tęsknię po tobie.",0.0
222,4,3,"Tym bielsze, że odbite od ciemnej zieleni","Widzę i opisuję, bo tęsknię po tobie.",0.0
223,3,3,"Świeciły się z daleka pobielane ściany,","Widzę i opisuję, bo tęsknię po tobie.",0.0
224,2,3,"Stał dwór szlachecki, z drzewa, lecz podmurowany;","Widzę i opisuję, bo tęsknię po tobie.",0.0
225,1,3,"Na pagórku niewielkim, we brzozowym gaju,","Widzę i opisuję, bo tęsknię po tobie.",0.0
226,0,3,"    Śród takich pól przed laty, nad brzegiem ruczaju,","Widzę i opisuję, bo tęsknię po tobie.",0.0
227,17,2,"Że gościnna, i wszystkich w gościnę zaprasza.",Kto cię stracił. Dziś piękność twą w całej ozdobie,0.0
228,1,4,"Na pagórku niewielkim, we brzozowym gaju,","    Panno święta, co Jasnej bronisz Częstochowy",0.0
229,3,4,"Świeciły się z daleka pobielane ściany,","    Panno święta, co Jasnej bronisz Częstochowy",0.0
230,15,2,Że w tym domu dostatek mieszka i porządek.,Kto cię stracił. Dziś piękność twą w całej ozdobie,0.0
231,0,5,"    Śród takich pól przed laty, nad brzegiem ruczaju,","I w Ostrej świecisz Bramie! Ty, co gród zamkowy",0.0
232,12,5,"Orzących wcześnie łany ogromne ugoru,","I w Ostrej świecisz Bramie! Ty, co gród zamkowy",0.0
233,11,5,"Świecą gęsto jak gwiazdy, widać z liczby pługów","I w Ostrej świecisz Bramie! Ty, co gród zamkowy",0.0
234,9,5,"Widać, że okolica obfita we zboże,","I w Ostrej świecisz Bramie! Ty, co gród zamkowy",0.0
235,7,5,"I stodołę miał wielką, i przy niej trzy stogi","I w Ostrej świecisz Bramie! Ty, co gród zamkowy",0.0
236,6,5,"Dom mieszkalny niewielki, lecz zewsząd chędogi,","I w Ostrej świecisz Bramie! Ty, co gród zamkowy",0.0
237,4,5,"Tym bielsze, że odbite od ciemnej zieleni","I w Ostrej świecisz Bramie! Ty, co gród zamkowy",0.0
238,3,5,"Świeciły się z daleka pobielane ściany,","I w Ostrej świecisz Bramie! Ty, co gród zamkowy",0.0
239,2,5,"Stał dwór szlachecki, z drzewa, lecz podmurowany;","I w Ostrej świecisz Bramie! Ty, co gród zamkowy",0.0
240,1,5,"Na pagórku niewielkim, we brzozowym gaju,","I w Ostrej świecisz Bramie! Ty, co gród zamkowy",0.0
241,17,4,"Że gościnna, i wszystkich w gościnę zaprasza.","    Panno święta, co Jasnej bronisz Częstochowy",0.0
242,4,4,"Tym bielsze, że odbite od ciemnej zieleni","    Panno święta, co Jasnej bronisz Częstochowy",0.0
243,16,4,"Brama na wciąż otwarta przechodniom ogłasza,","    Panno święta, co Jasnej bronisz Częstochowy",0.0
244,15,4,Że w tym domu dostatek mieszka i porządek.,"    Panno święta, co Jasnej bronisz Częstochowy",0.0
245,14,4,Uprawne dobrze na kształt ogrodowych grządek:,"    Panno święta, co Jasnej bronisz Częstochowy",0.0
246,13,4,"Czarnoziemne, zapewne należne do dworu,","    Panno święta, co Jasnej bronisz Częstochowy",0.0
247,12,4,"Orzących wcześnie łany ogromne ugoru,","    Panno święta, co Jasnej bronisz Częstochowy",0.0
248,11,4,"Świecą gęsto jak gwiazdy, widać z liczby pługów","    Panno święta, co Jasnej bronisz Częstochowy",0.0
249,9,4,"Widać, że okolica obfita we zboże,","    Panno święta, co Jasnej bronisz Częstochowy",0.0
250,7,4,"I stodołę miał wielką, i przy niej trzy stogi","    Panno święta, co Jasnej bronisz Częstochowy",0.0
251,6,4,"Dom mieszkalny niewielki, lecz zewsząd chędogi,","    Panno święta, co Jasnej bronisz Częstochowy",0.0
252,16,2,"Brama na wciąż otwarta przechodniom ogłasza,",Kto cię stracił. Dziś piękność twą w całej ozdobie,0.0
253,14,2,Uprawne dobrze na kształt ogrodowych grządek:,Kto cię stracił. Dziś piękność twą w całej ozdobie,0.0
254,6,11,"Dom mieszkalny niewielki, lecz zewsząd chędogi,","Iść za wrócone życie podziękować Bogu),",0.0
255,13,0,"Czarnoziemne, zapewne należne do dworu,",    Litwo! Ojczyzno moja! ty jesteś jak zdrowie:,0.0
256,5,1,"Topoli, co go bronią od wiatrów jesieni.","Ile cię trzeba cenić, ten tylko się dowie,",0.0
257,4,1,"Tym bielsze, że odbite od ciemnej zieleni","Ile cię trzeba cenić, ten tylko się dowie,",0.0
258,2,1,"Stał dwór szlachecki, z drzewa, lecz podmurowany;","Ile cię trzeba cenić, ten tylko się dowie,",0.0
259,1,1,"Na pagórku niewielkim, we brzozowym gaju,","Ile cię trzeba cenić, ten tylko się dowie,",0.0
260,0,1,"    Śród takich pól przed laty, nad brzegiem ruczaju,","Ile cię trzeba cenić, ten tylko się dowie,",0.0
261,17,0,"Że gościnna, i wszystkich w gościnę zaprasza.",    Litwo! Ojczyzno moja! ty jesteś jak zdrowie:,0.0
262,16,0,"Brama na wciąż otwarta przechodniom ogłasza,",    Litwo! Ojczyzno moja! ty jesteś jak zdrowie:,0.0
263,15,0,Że w tym domu dostatek mieszka i porządek.,    Litwo! Ojczyzno moja! ty jesteś jak zdrowie:,0.0
264,14,0,Uprawne dobrze na kształt ogrodowych grządek:,    Litwo! Ojczyzno moja! ty jesteś jak zdrowie:,0.0
265,12,0,"Orzących wcześnie łany ogromne ugoru,",    Litwo! Ojczyzno moja! ty jesteś jak zdrowie:,0.0
266,7,1,"I stodołę miał wielką, i przy niej trzy stogi","Ile cię trzeba cenić, ten tylko się dowie,",0.0
267,10,0,"I widać z liczby kopic, co wzdłuż i wszerz smugów",    Litwo! Ojczyzno moja! ty jesteś jak zdrowie:,0.0
268,9,0,"Widać, że okolica obfita we zboże,",    Litwo! Ojczyzno moja! ty jesteś jak zdrowie:,0.0
269,8,0,"Użątku, co pod strzechą zmieścić się nie może.",    Litwo! Ojczyzno moja! ty jesteś jak zdrowie:,0.0
270,7,0,"I stodołę miał wielką, i przy niej trzy stogi",    Litwo! Ojczyzno moja! ty jesteś jak zdrowie:,0.0
271,6,0,"Dom mieszkalny niewielki, lecz zewsząd chędogi,",    Litwo! Ojczyzno moja! ty jesteś jak zdrowie:,0.0
272,5,0,"Topoli, co go bronią od wiatrów jesieni.",    Litwo! Ojczyzno moja! ty jesteś jak zdrowie:,0.0
273,4,0,"Tym bielsze, że odbite od ciemnej zieleni",    Litwo! Ojczyzno moja! ty jesteś jak zdrowie:,0.0
274,3,0,"Świeciły się z daleka pobielane ściany,",    Litwo! Ojczyzno moja! ty jesteś jak zdrowie:,0.0
275,2,0,"Stał dwór szlachecki, z drzewa, lecz podmurowany;",    Litwo! Ojczyzno moja! ty jesteś jak zdrowie:,0.0
276,6,1,"Dom mieszkalny niewielki, lecz zewsząd chędogi,","Ile cię trzeba cenić, ten tylko się dowie,",0.0
277,9,1,"Widać, że okolica obfita we zboże,","Ile cię trzeba cenić, ten tylko się dowie,",0.0
278,13,2,"Czarnoziemne, zapewne należne do dworu,",Kto cię stracił. Dziś piękność twą w całej ozdobie,0.0
279,3,2,"Świeciły się z daleka pobielane ściany,",Kto cię stracił. Dziś piękność twą w całej ozdobie,0.0
280,12,2,"Orzących wcześnie łany ogromne ugoru,",Kto cię stracił. Dziś piękność twą w całej ozdobie,0.0
281,11,2,"Świecą gęsto jak gwiazdy, widać z liczby pługów",Kto cię stracił. Dziś piękność twą w całej ozdobie,0.0
282,10,2,"I widać z liczby kopic, co wzdłuż i wszerz smugów",Kto cię stracił. Dziś piękność twą w całej ozdobie,0.0
283,9,2,"Widać, że okolica obfita we zboże,",Kto cię stracił. Dziś piękność twą w całej ozdobie,0.0
284,8,2,"Użątku, co pod strzechą zmieścić się nie może.",Kto cię stracił. Dziś piękność twą w całej ozdobie,0.0
285,7,2,"I stodołę miał wielką, i przy niej trzy stogi",Kto cię stracił. Dziś piękność twą w całej ozdobie,0.0
286,6,2,"Dom mieszkalny niewielki, lecz zewsząd chędogi,",Kto cię stracił. Dziś piękność twą w całej ozdobie,0.0
287,5,2,"Topoli, co go bronią od wiatrów jesieni.",Kto cię stracił. Dziś piękność twą w całej ozdobie,0.0
288,4,2,"Tym bielsze, że odbite od ciemnej zieleni",Kto cię stracił. Dziś piękność twą w całej ozdobie,0.0
289,2,2,"Stał dwór szlachecki, z drzewa, lecz podmurowany;",Kto cię stracił. Dziś piękność twą w całej ozdobie,0.0
290,10,1,"I widać z liczby kopic, co wzdłuż i wszerz smugów","Ile cię trzeba cenić, ten tylko się dowie,",0.0
291,1,2,"Na pagórku niewielkim, we brzozowym gaju,",Kto cię stracił. Dziś piękność twą w całej ozdobie,0.0
292,0,2,"    Śród takich pól przed laty, nad brzegiem ruczaju,",Kto cię stracił. Dziś piękność twą w całej ozdobie,0.0
293,17,1,"Że gościnna, i wszystkich w gościnę zaprasza.","Ile cię trzeba cenić, ten tylko się dowie,",0.0
294,16,1,"Brama na wciąż otwarta przechodniom ogłasza,","Ile cię trzeba cenić, ten tylko się dowie,",0.0
295,15,1,Że w tym domu dostatek mieszka i porządek.,"Ile cię trzeba cenić, ten tylko się dowie,",0.0
296,14,1,Uprawne dobrze na kształt ogrodowych grządek:,"Ile cię trzeba cenić, ten tylko się dowie,",0.0
297,13,1,"Czarnoziemne, zapewne należne do dworu,","Ile cię trzeba cenić, ten tylko się dowie,",0.0
298,12,1,"Orzących wcześnie łany ogromne ugoru,","Ile cię trzeba cenić, ten tylko się dowie,",0.0
299,11,1,"Świecą gęsto jak gwiazdy, widać z liczby pługów","Ile cię trzeba cenić, ten tylko się dowie,",0.0
300,13,5,"Czarnoziemne, zapewne należne do dworu,","I w Ostrej świecisz Bramie! Ty, co gród zamkowy",0.0
301,14,5,Uprawne dobrze na kształt ogrodowych grządek:,"I w Ostrej świecisz Bramie! Ty, co gród zamkowy",0.0
302,15,5,Że w tym domu dostatek mieszka i porządek.,"I w Ostrej świecisz Bramie! Ty, co gród zamkowy",0.0
303,7,9,"I stodołę miał wielką, i przy niej trzy stogi","Ofiarowany, martwą podniosłem powiekę;",0.0
304,16,9,"Brama na wciąż otwarta przechodniom ogłasza,","Ofiarowany, martwą podniosłem powiekę;",0.0
305,15,9,Że w tym domu dostatek mieszka i porządek.,"Ofiarowany, martwą podniosłem powiekę;",0.0
306,14,9,Uprawne dobrze na kształt ogrodowych grządek:,"Ofiarowany, martwą podniosłem powiekę;",0.0
307,13,9,"Czarnoziemne, zapewne należne do dworu,","Ofiarowany, martwą podniosłem powiekę;",0.0
308,12,9,"Orzących wcześnie łany ogromne ugoru,","Ofiarowany, martwą podniosłem powiekę;",0.0
309,11,9,"Świecą gęsto jak gwiazdy, widać z liczby pługów","Ofiarowany, martwą podniosłem powiekę;",0.0
310,10,9,"I widać z liczby kopic, co wzdłuż i wszerz smugów","Ofiarowany, martwą podniosłem powiekę;",0.0
311,9,9,"Widać, że okolica obfita we zboże,","Ofiarowany, martwą podniosłem powiekę;",0.0
312,8,9,"Użątku, co pod strzechą zmieścić się nie może.","Ofiarowany, martwą podniosłem powiekę;",0.0
313,6,9,"Dom mieszkalny niewielki, lecz zewsząd chędogi,","Ofiarowany, martwą podniosłem powiekę;",0.0
314,0,10,"    Śród takich pól przed laty, nad brzegiem ruczaju,","I zaraz mogłem pieszo, do Twych świątyń progu",0.0
315,5,9,"Topoli, co go bronią od wiatrów jesieni.","Ofiarowany, martwą podniosłem powiekę;",0.0
316,4,9,"Tym bielsze, że odbite od ciemnej zieleni","Ofiarowany, martwą podniosłem powiekę;",0.0
317,3,9,"Świeciły się z daleka pobielane ściany,","Ofiarowany, martwą podniosłem powiekę;",0.0
318,2,9,"Stał dwór szlachecki, z drzewa, lecz podmurowany;","Ofiarowany, martwą podniosłem powiekę;",0.0
319,1,9,"Na pagórku niewielkim, we brzozowym gaju,","Ofiarowany, martwą podniosłem powiekę;",0.0
320,0,9,"    Śród takich pól przed laty, nad brzegiem ruczaju,","Ofiarowany, martwą podniosłem powiekę;",0.0
321,17,8,"Że gościnna, i wszystkich w gościnę zaprasza.","(Gdy od płaczącej matki, pod Twoją opiekę",0.0
322,16,8,"Brama na wciąż otwarta przechodniom ogłasza,","(Gdy od płaczącej matki, pod Twoją opiekę",0.0
323,15,8,Że w tym domu dostatek mieszka i porządek.,"(Gdy od płaczącej matki, pod Twoją opiekę",0.0
324,17,9,"Że gościnna, i wszystkich w gościnę zaprasza.","Ofiarowany, martwą podniosłem powiekę;",0.0
325,1,10,"Na pagórku niewielkim, we brzozowym gaju,","I zaraz mogłem pieszo, do Twych świątyń progu",0.0
326,16,5,"Brama na wciąż otwarta przechodniom ogłasza,","I w Ostrej świecisz Bramie! Ty, co gród zamkowy",0.0
327,14,10,Uprawne dobrze na kształt ogrodowych grządek:,"I zaraz mogłem pieszo, do Twych świątyń progu",0.0
328,5,11,"Topoli, co go bronią od wiatrów jesieni.","Iść za wrócone życie podziękować Bogu),",0.0
329,4,11,"Tym bielsze, że odbite od ciemnej zieleni","Iść za wrócone życie podziękować Bogu),",0.0
330,3,11,"Świeciły się z daleka pobielane ściany,","Iść za wrócone życie podziękować Bogu),",0.0
331,2,11,"Stał dwór szlachecki, z drzewa, lecz podmurowany;","Iść za wrócone życie podziękować Bogu),",0.0
332,1,11,"Na pagórku niewielkim, we brzozowym gaju,","Iść za wrócone życie podziękować Bogu),",0.0
333,1,0,"Na pagórku niewielkim, we brzozowym gaju,",    Litwo! Ojczyzno moja! ty jesteś jak zdrowie:,0.0
334,17,10,"Że gościnna, i wszystkich w gościnę zaprasza.","I zaraz mogłem pieszo, do Twych świątyń progu",0.0
335,16,10,"Brama na wciąż otwarta przechodniom ogłasza,","I zaraz mogłem pieszo, do Twych świątyń progu",0.0
336,15,10,Że w tym domu dostatek mieszka i porządek.,"I zaraz mogłem pieszo, do Twych świątyń progu",0.0
337,12,10,"Orzących wcześnie łany ogromne ugoru,","I zaraz mogłem pieszo, do Twych świątyń progu",0.0
338,2,10,"Stał dwór szlachecki, z drzewa, lecz podmurowany;","I zaraz mogłem pieszo, do Twych świątyń progu",0.0
339,11,10,"Świecą gęsto jak gwiazdy, widać z liczby pługów","I zaraz mogłem pieszo, do Twych świątyń progu",0.0
340,10,10,"I widać z liczby kopic, co wzdłuż i wszerz smugów","I zaraz mogłem pieszo, do Twych świątyń progu",0.0
341,9,10,"Widać, że okolica obfita we zboże,","I zaraz mogłem pieszo, do Twych świątyń progu",0.0
342,8,10,"Użątku, co pod strzechą zmieścić się nie może.","I zaraz mogłem pieszo, do Twych świątyń progu",0.0
343,7,10,"I stodołę miał wielką, i przy niej trzy stogi","I zaraz mogłem pieszo, do Twych świątyń progu",0.0
344,6,10,"Dom mieszkalny niewielki, lecz zewsząd chędogi,","I zaraz mogłem pieszo, do Twych świątyń progu",0.0
345,5,10,"Topoli, co go bronią od wiatrów jesieni.","I zaraz mogłem pieszo, do Twych świątyń progu",0.0
346,4,10,"Tym bielsze, że odbite od ciemnej zieleni","I zaraz mogłem pieszo, do Twych świątyń progu",0.0
347,3,10,"Świeciły się z daleka pobielane ściany,","I zaraz mogłem pieszo, do Twych świątyń progu",0.0
348,14,8,Uprawne dobrze na kształt ogrodowych grządek:,"(Gdy od płaczącej matki, pod Twoją opiekę",0.0
349,13,8,"Czarnoziemne, zapewne należne do dworu,","(Gdy od płaczącej matki, pod Twoją opiekę",0.0
350,12,8,"Orzących wcześnie łany ogromne ugoru,","(Gdy od płaczącej matki, pod Twoją opiekę",0.0
351,9,6,"Widać, że okolica obfita we zboże,",Nowogródzki ochraniasz z jego wiernym ludem!,0.0
352,0,7,"    Śród takich pól przed laty, nad brzegiem ruczaju,",Jak mnie dziecko do zdrowia powróciłaś cudem,0.0
353,17,6,"Że gościnna, i wszystkich w gościnę zaprasza.",Nowogródzki ochraniasz z jego wiernym ludem!,0.0
354,16,6,"Brama na wciąż otwarta przechodniom ogłasza,",Nowogródzki ochraniasz z jego wiernym ludem!,0.0
355,15,6,Że w tym domu dostatek mieszka i porządek.,Nowogródzki ochraniasz z jego wiernym ludem!,0.0
356,14,6,Uprawne dobrze na kształt ogrodowych grządek:,Nowogródzki ochraniasz z jego wiernym ludem!,0.0
357,13,6,"Czarnoziemne, zapewne należne do dworu,",Nowogródzki ochraniasz z jego wiernym ludem!,0.0
358,12,6,"Orzących wcześnie łany ogromne ugoru,",Nowogródzki ochraniasz z jego wiernym ludem!,0.0
359,11,6,"Świecą gęsto jak gwiazdy, widać z liczby pługów",Nowogródzki ochraniasz z jego wiernym ludem!,0.0
360,10,6,"I widać z liczby kopic, co wzdłuż i wszerz smugów",Nowogródzki ochraniasz z jego wiernym ludem!,0.0
361,8,6,"Użątku, co pod strzechą zmieścić się nie może.",Nowogródzki ochraniasz z jego wiernym ludem!,0.0
362,11,8,"Świecą gęsto jak gwiazdy, widać z liczby pługów","(Gdy od płaczącej matki, pod Twoją opiekę",0.0
363,7,6,"I stodołę miał wielką, i przy niej trzy stogi",Nowogródzki ochraniasz z jego wiernym ludem!,0.0
364,6,6,"Dom mieszkalny niewielki, lecz zewsząd chędogi,",Nowogródzki ochraniasz z jego wiernym ludem!,0.0
365,5,6,"Topoli, co go bronią od wiatrów jesieni.",Nowogródzki ochraniasz z jego wiernym ludem!,0.0
366,4,6,"Tym bielsze, że odbite od ciemnej zieleni",Nowogródzki ochraniasz z jego wiernym ludem!,0.0
367,3,6,"Świeciły się z daleka pobielane ściany,",Nowogródzki ochraniasz z jego wiernym ludem!,0.0
368,2,6,"Stał dwór szlachecki, z drzewa, lecz podmurowany;",Nowogródzki ochraniasz z jego wiernym ludem!,0.0
369,1,6,"Na pagórku niewielkim, we brzozowym gaju,",Nowogródzki ochraniasz z jego wiernym ludem!,0.0
370,0,6,"    Śród takich pól przed laty, nad brzegiem ruczaju,",Nowogródzki ochraniasz z jego wiernym ludem!,0.0
371,17,5,"Że gościnna, i wszystkich w gościnę zaprasza.","I w Ostrej świecisz Bramie! Ty, co gród zamkowy",0.0
372,1,7,"Na pagórku niewielkim, we brzozowym gaju,",Jak mnie dziecko do zdrowia powróciłaś cudem,0.0
373,2,7,"Stał dwór szlachecki, z drzewa, lecz podmurowany;",Jak mnie dziecko do zdrowia powróciłaś cudem,0.0
374,3,7,"Świeciły się z daleka pobielane ściany,",Jak mnie dziecko do zdrowia powróciłaś cudem,0.0
375,4,7,"Tym bielsze, że odbite od ciemnej zieleni",Jak mnie dziecko do zdrowia powróciłaś cudem,0.0
376,10,8,"I widać z liczby kopic, co wzdłuż i wszerz smugów","(Gdy od płaczącej matki, pod Twoją opiekę",0.0
377,9,8,"Widać, że okolica obfita we zboże,","(Gdy od płaczącej matki, pod Twoją opiekę",0.0
378,7,8,"I stodołę miał wielką, i przy niej trzy stogi","(Gdy od płaczącej matki, pod Twoją opiekę",0.0
379,6,8,"Dom mieszkalny niewielki, lecz zewsząd chędogi,","(Gdy od płaczącej matki, pod Twoją opiekę",0.0
380,3,8,"Świeciły się z daleka pobielane ściany,","(Gdy od płaczącej matki, pod Twoją opiekę",0.0
381,2,8,"Stał dwór szlachecki, z drzewa, lecz podmurowany;","(Gdy od płaczącej matki, pod Twoją opiekę",0.0
382,1,8,"Na pagórku niewielkim, we brzozowym gaju,","(Gdy od płaczącej matki, pod Twoją opiekę",0.0
383,0,8,"    Śród takich pól przed laty, nad brzegiem ruczaju,","(Gdy od płaczącej matki, pod Twoją opiekę",0.0
384,17,7,"Że gościnna, i wszystkich w gościnę zaprasza.",Jak mnie dziecko do zdrowia powróciłaś cudem,0.0
385,16,7,"Brama na wciąż otwarta przechodniom ogłasza,",Jak mnie dziecko do zdrowia powróciłaś cudem,0.0
386,15,7,Że w tym domu dostatek mieszka i porządek.,Jak mnie dziecko do zdrowia powróciłaś cudem,0.0
387,14,7,Uprawne dobrze na kształt ogrodowych grządek:,Jak mnie dziecko do zdrowia powróciłaś cudem,0.0
388,12,7,"Orzących wcześnie łany ogromne ugoru,",Jak mnie dziecko do zdrowia powróciłaś cudem,0.0
389,10,7,"I widać z liczby kopic, co wzdłuż i wszerz smugów",Jak mnie dziecko do zdrowia powróciłaś cudem,0.0
390,9,7,"Widać, że okolica obfita we zboże,",Jak mnie dziecko do zdrowia powróciłaś cudem,0.0
391,8,7,"Użątku, co pod strzechą zmieścić się nie może.",Jak mnie dziecko do zdrowia powróciłaś cudem,0.0
392,7,7,"I stodołę miał wielką, i przy niej trzy stogi",Jak mnie dziecko do zdrowia powróciłaś cudem,0.0
393,6,7,"Dom mieszkalny niewielki, lecz zewsząd chędogi,",Jak mnie dziecko do zdrowia powróciłaś cudem,0.0
394,5,7,"Topoli, co go bronią od wiatrów jesieni.",Jak mnie dziecko do zdrowia powróciłaś cudem,0.0
395,17,21,"Że gościnna, i wszystkich w gościnę zaprasza.","Zieloną, na niej z rzadka ciche grusze siedzą.",0.0
